{"cameraMode":{"drawMode":0,"name":"Shaded","section":"Shading Mode"},"sceneLighting":true,"audioPlay":false,"sceneViewState":{"showFog":true,"showMaterialUpdate":false,"showSkybox":true,"showFlares":true,"showImageEffects":true,"showParticleSystems":true},"in2DMode":false,"pivot":{"x":-0.5837374329566956,"y":-5.625263383990387e-7,"z":2.21218204498291},"rotation":{"x":-0.0678948312997818,"y":-0.6080249547958374,"z":0.052303001284599307,"w":-0.7892783880233765},"size":22.0,"orthographic":true}